{
  "metadata": {
    "competition": "VEX Aerial Drones Time Warp",
    "year": 2025,
    "date_recorded": "2025-10-25T10:30:00",
    "recorded_by": "Team Etowah",
    "notes": "Practice field configuration - north side"
  },
  "waypoints": [
    {
      "id": "start",
      "type": "takeoff",
      "height_cm": 0,
      "action": "takeoff"
    },
    {
      "id": "arch",
      "type": "gate",
      "height_cm": 85.0,
      "distance_from_previous_cm": 180.0,
      "action": "pass_through"
    },
    {
      "id": "cube",
      "type": "target",
      "height_cm": 40.0,
      "distance_from_previous_cm": 120.0,
      "action": "land"
    }
  ],
  "tuning": {
    "height_tolerance_cm": 6,
    "height_timeout_sec": 6,
    "forward_chunk_cm": 30,
    "forward_stop_epsilon_cm": 5.0,
    "flow_scale": 1.0,
    "notes": "Increase flow_scale if drone undershoots distances. Run calibration to determine optimal value."
  }
}
